-- phpMyAdmin SQL Dump
-- version 4.1.7
-- http://www.phpmyadmin.net
--
-- Host: localhost
-- Generation Time: Giu 26, 2020 alle 13:03
-- Versione del server: 5.6.33-log
-- PHP Version: 5.3.10

SET SQL_MODE = "NO_AUTO_VALUE_ON_ZERO";
SET time_zone = "+00:00";


/*!40101 SET @OLD_CHARACTER_SET_CLIENT=@@CHARACTER_SET_CLIENT */;
/*!40101 SET @OLD_CHARACTER_SET_RESULTS=@@CHARACTER_SET_RESULTS */;
/*!40101 SET @OLD_COLLATION_CONNECTION=@@COLLATION_CONNECTION */;
/*!40101 SET NAMES utf8 */;

--
-- Database: `my_erboristeriatest`
--

-- --------------------------------------------------------

--
-- Struttura della tabella `articoli`
--

CREATE TABLE IF NOT EXISTS `articoli` (
  `id_articolo` int(11) unsigned NOT NULL AUTO_INCREMENT COMMENT 'Identificativo articolo [PK]',
  `nome_articolo` varchar(200) COLLATE utf8mb4_unicode_ci NOT NULL COMMENT 'Nome dell''articolo',
  `linea_articolo` int(11) unsigned DEFAULT NULL COMMENT 'Linea facoltativa dell''articolo [FK]',
  `categoria_articolo` int(11) unsigned NOT NULL COMMENT 'Categoria dell''articolo [FK]',
  `sesso_target` enum('Unisex','Uomo','Donna','Bimbo') COLLATE utf8mb4_unicode_ci NOT NULL DEFAULT 'Unisex' COMMENT 'Il sesso a cui è rivolto l''articolo',
  `descrizione_breve_articolo` text COLLATE utf8mb4_unicode_ci COMMENT 'Descrizione generica e facoltativa dell''articolo',
  `quantita_magazzino_articolo` tinyint(4) unsigned NOT NULL COMMENT 'Quantità presente in magazzino',
  `prezzo_articolo` decimal(5,2) NOT NULL COMMENT 'Prezzo dell''articolo',
  PRIMARY KEY (`id_articolo`),
  KEY `articoli_ibfk_linee` (`linea_articolo`),
  KEY `articoli_ibfk_categorie` (`categoria_articolo`)
) ENGINE=InnoDB  DEFAULT CHARSET=utf8mb4 COLLATE=utf8mb4_unicode_ci AUTO_INCREMENT=45 ;

--
-- Dump dei dati per la tabella `articoli`
--

INSERT INTO `articoli` (`id_articolo`, `nome_articolo`, `linea_articolo`, `categoria_articolo`, `sesso_target`, `descrizione_breve_articolo`, `quantita_magazzino_articolo`, `prezzo_articolo`) VALUES
(1, 'Bevanda di riso integrale', NULL, 1, 'Unisex', 'Mauris ut massa urna. Nam ac dolor ullamcorper, tristique risus sit amet, sollicitudin neque. Donec ultricies ligula eleifend libero congue, et tempus urna maximus. Etiam pulvinar leo a tincidunt fermentum. Nulla facilisi. Suspendisse bibendum, metus fermentum cursus dignissim, eros risus molestie diam, et gravida arcu ligula at mauris. Donec augue nisl, interdum at dui in, cursus egestas nibh. Sed sed nisl id erat scelerisque euismod eget vel diam. Morbi arcu purus, rhoncus in finibus id, eleifend non enim. Sed egestas, odio in lacinia cursus, est est blandit dui, sit amet lobortis risus ex nec ligula.', 9, 5.00),
(2, 'Soia natural', NULL, 1, 'Unisex', NULL, 5, 3.00),
(3, 'Soia light', NULL, 1, 'Uomo', NULL, 11, 0.00),
(4, 'Avena light', NULL, 1, 'Unisex', NULL, 13, 0.00),
(5, 'Bevanda sorgo', NULL, 1, 'Unisex', NULL, 12, 13.00),
(6, 'Bevanda miglio', NULL, 1, 'Uomo', NULL, 22, 0.00),
(7, 'Sale rosa integrale del Himalaya fino', NULL, 1, 'Unisex', NULL, 7, 0.00),
(8, 'Sale rosa integrale del Himalaya grosso', NULL, 1, 'Unisex', NULL, 11, 7.00),
(9, 'Mousse detergente', 1, 2, 'Unisex', NULL, 2, 0.00),
(10, 'Scrub purificante', 1, 2, 'Unisex', NULL, 2, 0.00),
(11, 'Crema giorno riequilibrante', 1, 2, 'Donna', NULL, 8, 15.00),
(12, 'Crema notte rinormalizzante', 1, 2, 'Unisex', NULL, 4, 0.00),
(13, 'Siero opacizzante all''argilla bianca', 1, 2, 'Unisex', NULL, 4, 0.00),
(14, 'Latte detergente', 2, 2, 'Unisex', NULL, 3, 5.00),
(15, 'Lozione addolcente', 2, 2, 'Unisex', NULL, 4, 0.00),
(16, 'Maschera gommage', 2, 2, 'Unisex', NULL, 3, 0.00),
(17, 'Crema giorno superidratante', 2, 2, 'Bimbo', NULL, 6, 10.00),
(18, 'Crema benessere notte', 2, 2, 'Unisex', NULL, 6, 0.00),
(19, 'Mousse detergente', 3, 2, 'Unisex', NULL, 1, 0.00),
(20, 'Panetto all''argilla', 3, 2, 'Unisex', NULL, 2, 8.00),
(21, 'Maschera scrub', 3, 2, 'Bimbo', NULL, 2, 0.00),
(22, 'Crema gel', 3, 2, 'Unisex', NULL, 6, 4.00),
(23, 'Gel detergente seboregolatore', 3, 2, 'Unisex', NULL, 4, 0.00),
(24, 'Bagnoschiuma 250 ml', 4, 2, 'Unisex', NULL, 1, 0.00),
(25, 'Crema corpo 200 ml', 4, 2, 'Unisex', NULL, 2, 15.00),
(26, 'Fragranza per legni 125 ml', 4, 2, 'Unisex', NULL, 0, 0.00),
(27, 'Polvere 100 gr', 4, 2, 'Unisex', NULL, 0, 0.00),
(28, 'Profmo ed. lim. 100ml', 4, 2, 'Unisex', NULL, 2, 0.00),
(29, 'Profumo 50 ml', 4, 2, 'Unisex', NULL, 2, 0.00),
(30, 'Profumo minispray 14 ml', 4, 2, 'Unisex', NULL, 2, 0.00),
(31, 'Sapone ed. lim. 2 sap da 100 gr', 4, 2, 'Unisex', NULL, 2, 0.00),
(32, 'Mini kit viaggio pz', 4, 2, 'Unisex', NULL, 0, 0.00),
(33, 'Candela con coperchio - ed. lim. 28 ore', 5, 2, 'Unisex', NULL, 3, 0.00),
(34, 'Crema corpo energizzante 200 ml', 5, 2, 'Unisex', NULL, 3, 0.00),
(35, 'Fragranza legni prof. con bastoncini 125 ml', 5, 2, 'Unisex', NULL, 6, 0.00),
(36, 'Lozione deodorante energizzante 100 ml', 5, 2, 'Unisex', NULL, 2, 0.00),
(37, 'Lozione dopobarba energizzante 100 ml', 5, 2, 'Unisex', NULL, 4, 0.00),
(38, 'Profumo 100 ml', 5, 2, 'Unisex', NULL, 6, 0.00),
(39, 'Profumo 50 ml', 5, 2, 'Unisex', NULL, 2, 0.00),
(40, 'Sacchetto profumato multiuso 1 pz', 5, 2, 'Unisex', NULL, 3, 0.00),
(41, 'Sapone 100 gr', 5, 2, 'Unisex', NULL, 2, 0.00),
(42, 'Schiuma da barba energizzante 200 ml', 5, 2, 'Unisex', NULL, 1, 0.00),
(43, 'Shampoo doccia energizzante 250 ml', 5, 2, 'Unisex', NULL, 4, 0.00);

-- --------------------------------------------------------

--
-- Struttura della tabella `categorie`
--

CREATE TABLE IF NOT EXISTS `categorie` (
  `id_categoria` int(11) unsigned NOT NULL AUTO_INCREMENT COMMENT 'Identificativo categoria [PK]',
  `nome_categoria` varchar(200) COLLATE utf8mb4_unicode_ci NOT NULL COMMENT 'Nome categoria',
  PRIMARY KEY (`id_categoria`)
) ENGINE=InnoDB  DEFAULT CHARSET=utf8mb4 COLLATE=utf8mb4_unicode_ci AUTO_INCREMENT=5 ;

--
-- Dump dei dati per la tabella `categorie`
--

INSERT INTO `categorie` (`id_categoria`, `nome_categoria`) VALUES
(1, 'Alimentare'),
(2, 'Cosmetico');

-- --------------------------------------------------------

--
-- Struttura della tabella `descrizione_articoli`
--

CREATE TABLE IF NOT EXISTS `descrizione_articoli` (
  `id_descrizione_articolo` int(11) unsigned NOT NULL AUTO_INCREMENT COMMENT 'Identificativo della descrizione di articolo [PK]',
  `articolo` int(11) unsigned NOT NULL COMMENT 'Articolo di riferimento [FK]',
  `sottotitolo` varchar(200) COLLATE utf8mb4_unicode_ci NOT NULL COMMENT 'Sottotitolo esplicativo',
  `descrizione` text COLLATE utf8mb4_unicode_ci NOT NULL COMMENT 'Descrizione del sottotitolo',
  PRIMARY KEY (`id_descrizione_articolo`),
  KEY `articolo` (`articolo`)
) ENGINE=InnoDB  DEFAULT CHARSET=utf8mb4 COLLATE=utf8mb4_unicode_ci AUTO_INCREMENT=5 ;

--
-- Dump dei dati per la tabella `descrizione_articoli`
--

INSERT INTO `descrizione_articoli` (`id_descrizione_articolo`, `articolo`, `sottotitolo`, `descrizione`) VALUES
(2, 1, 'Descrizione', 'Lorem ipsum dolor sit amet, consectetur adipiscing elit. Nunc rhoncus enim vel nulla pulvinar interdum. Sed nec interdum velit. Donec ante purus, venenatis vitae imperdiet ut, tristique vitae quam. Sed rutrum magna quis malesuada hendrerit. Sed ultricies augue in ex vulputate dictum. Vestibulum ante ipsum primis in faucibus orci luctus et ultrices posuere cubilia curae; Nulla lobortis scelerisque ligula, non laoreet sapien ultricies quis. Suspendisse dictum purus tellus, vel facilisis nunc scelerisque a.'),
(3, 1, 'Uso e avvertenze', 'Nulla ornare, est ut volutpat sodales, dui ipsum faucibus urna, at iaculis mi mi et orci. Fusce ultrices, risus in placerat lobortis, lorem nisi placerat ipsum, a eleifend enim tortor nec lectus. Suspendisse tellus urna, malesuada eget posuere ut, vulputate id velit. Mauris id mauris eu justo pulvinar tincidunt. Curabitur sodales risus nibh. Quisque leo quam, hendrerit et eros eleifend, auctor feugiat quam. Nam eu finibus quam, at convallis nunc. Vivamus sagittis porttitor volutpat. Nam sed rhoncus dolor, in viverra diam.\n'),
(4, 1, 'INCI', 'Nullam scelerisque porttitor nulla, sit amet vestibulum dolor pharetra non. Proin rutrum iaculis odio. Vivamus mattis feugiat orci vel congue. Donec sodales feugiat lorem nec auctor. Nunc tincidunt neque nec justo sodales eleifend. Duis fringilla consectetur aliquet. Orci varius natoque penatibus et magnis dis parturient montes, nascetur ridiculus mus. Proin cursus turpis non ultricies porttitor. Nam et eros augue. Aliquam cursus nunc ac urna pretium, eget facilisis ante consectetur. Etiam semper leo nunc, vel pellentesque lacus scelerisque in.');

-- --------------------------------------------------------

--
-- Struttura della tabella `descrizione_eventi`
--

CREATE TABLE IF NOT EXISTS `descrizione_eventi` (
  `id_descrizione_evento` int(10) unsigned NOT NULL AUTO_INCREMENT COMMENT 'Identificativo della descrizione di evento [PK]',
  `evento` int(10) unsigned NOT NULL COMMENT 'Evento di riferimento [FK]',
  `sottotitolo` text COLLATE utf8mb4_unicode_ci NOT NULL COMMENT 'Sottotitolo esplicativo',
  PRIMARY KEY (`id_descrizione_evento`),
  KEY `descrizione_eventi_ibfk_eventi` (`evento`)
) ENGINE=InnoDB  DEFAULT CHARSET=utf8mb4 COLLATE=utf8mb4_unicode_ci AUTO_INCREMENT=9 ;

--
-- Dump dei dati per la tabella `descrizione_eventi`
--

INSERT INTO `descrizione_eventi` (`id_descrizione_evento`, `evento`, `sottotitolo`) VALUES
(1, 1, 'Non solo "flora batterica": la sua forza sta proprio nella sua complessità'),
(2, 1, 'Che cosa impoverisce le nostre difese?'),
(3, 1, 'Tanti supporti un solo scopo: mantenere efficiente il nostro sistema immunitario');

-- --------------------------------------------------------

--
-- Struttura della tabella `ditte`
--

CREATE TABLE IF NOT EXISTS `ditte` (
  `id_ditta` int(11) unsigned NOT NULL AUTO_INCREMENT COMMENT 'Identificativo ditta [PK]',
  `nome_ditta` varchar(200) COLLATE utf8mb4_unicode_ci NOT NULL COMMENT 'Nome della ditta',
  `logo_ditta` mediumblob COMMENT 'Logo facoltativo della ditta',
  PRIMARY KEY (`id_ditta`)
) ENGINE=InnoDB  DEFAULT CHARSET=utf8mb4 COLLATE=utf8mb4_unicode_ci AUTO_INCREMENT=4 ;

--
-- Dump dei dati per la tabella `ditte`
--

INSERT INTO `ditte` (`id_ditta`, `nome_ditta`, `logo_ditta`) VALUES
(1, 'Baule Volante & Fior di Loto', NULL),
(2, 'Helan', 0x89504e470d0a1a0a0000000d49484452000000a00000006808060000007674fbf40000001974455874536f6674776172650041646f626520496d616765526561647971c9653c000017594944415478daec5d6d885cd779bebb5ee7c329d124c576c0068d21ce074eb4abfe907ea47867a1766b62c92b97ca81a07815acb68138da6d9cb43fecaeb61134092e2b4586166cba5254b7346eacb515e3e0fcd06eda14ac1ff14a4d088e035a41546a2d092382e5246ea1e739f33ee377ce9efb39f7cecc6acf0b9799b973efb9e7bce739efd779cfb94351a036bde30bf737d4cf86f3f75673d47314b76a8e8bceb9257ef9ed379e5d0a1c8fa2a14d08b09a39c614a0ea39815536adaa03805d314773b30074e81a05da98800cc01a1f0090750bce65f95c31c05c09001c2cb0d5056ce3f2d9d80482634924e5b280723500b0b7806b08e01a1b54b25521299704904b1b0990431b0474930a7063016fa9b442401a302e0600e6071c1c0580ee3e015d2d60aa3035058ccf9963d100b21900980ebac97ed6e5ce0fde613f476fb92d3ab6fc1dfb7ddf8e89e8333b27a2479efdc7e8dc25bf867be6a1bf8c6aef7e4fb4f5fd37461f9afbdca002727190c0383400c003d81eec37e8347defe1bf6983f09d07ffd87efee6e8b7ede7f3ff7536fa93a7bee6bdefa94f7fde02f5e22f2f6702e0d6f7df14fd74f6efa3e69b6f444f2cbf107de5c57fed07184ff4534d8ff4d19138688ea9aad5ebd92fff9d9164750b1a80270b7dff673f6e039004a98772ce5f4ab7ef2ffe722dd373ae18e0812035fb4418f493a63f20098f9be368af1d98911e036f4aa45dcf4225008dfdbcf5b65400427ad57ff7a668db2df575928ae4fe17779d3e07c9688d3103b8c346ca5185ebb2965ffb513f853e84c0340ed3474b22158f5f130014db6e5a80d7f390c9c9b3672cb0b6bcfb86c4eba83e7d0006608a4aabc7eed96b9eddb20b712f24ebcd7ff59975653ddcb8d7aa7e485f48eba63caf0f04e1d030fd360b209ae34895b6e270956ad61c0be6eb0573ccf6027c000b40f4d83d0fac73287ce072ef03c1e9a0e301dad2a57a7ce4d9050b28008ba0d352b9adf65ffb71bbbe7066daa2c95c8ff6009c38f0bd472abb2efd7601fd2866d3e04b40a9e8acd8773d21a83974daa85269cf9f7fd94aae936797a247ff68afed341c3ec9b27bdb4e755f4b4d3f3c7e6f672ca38044dafdf11dd1e3f7ef5fa79a9b6f5e1570bf2d9501fad15b5b0341db9f68177fc3b9415b769972777cfd8b1d038c00af483da32fa74cdf422dcf9569278e6c24e081d9e3b77fccaab3652331a05ea9e608bebb8efdb57502a832cffdfc4287fd56b4a3e07c00504936a04b4f1ab54ed0e3b9b89f4062984783c7755ed02602eca1a79f884e1b1bf6f5af7ed39e4759b069510640ce72f0ac382fbd042a1d88c365004fa9dacac0078643054102404ac06623e3b584c135086de03f743e3b3bce49a0b4d4b698062900df210e72a83f5e0bf0ea7a70b0b8ea7d970094d2564b660c362d85a9be2135f500d5d213521c475cbbbb046229aa79b80be0d5cc71a86ce08159601aa50589603bfcdd6fb50142e6227ee6aa488014870e1ac3c3f511ae619904ba6b43ea8e1df54841d483d2119f001f2534eed5c07dc994af6d41aa5afe464c30cdcb6e5e7da3a35e0038a4ff0123295b5ae101cb331c18903e1b186d754d8d82403c24ce666e1a2a08be6951b7a5c4f0d019ec3cddf9b08b60c48318087e3bd676d9aaa0634b2fb4a50b3a63f7b6b799caa0316381001a6d271fe1be3b6fbfc394f91d2bf9181a615cb088fad6361a4d089805a80b4c079c23b03088005ab6197546dd416807da462031d00d707160fa02d900368086b2e17d93d7a8c7e7c73f69d5fa4302da2ea9296af94865009484cef9a8a48400301ecc79f49ebd6d090146c17e63a78069384700a223c130820ef7b3336143c13e642731f88c4ebc2276d8375f3ed3a10e079d20c960766842fb195e628c11d20fed03689ffcf4c3eba434018841466da2cb2a919008319335a1762823f06a22f1a6cb021e1847e900e6108060063c518622200d2009399239da214560af91f99472947c9062157a863d25f04b4b520e20cd134e19ea69445cc7814c6d003ec391d144f0964c47442236bbf28265ae76a10c750b6680293ca2e88eb6a4c24807e3608853c2e1fa7d3b272c003183405b4a4b04aaab24d5bad109bc3879f6f23ab3e5a448f33b3ff831ef3d5f79f15b6d09d90e2f35eeede01dd43ac147e0c2692a21103e2d1ef3fea4b9e6a114a9375f86830170eddbd1b05edf878ded82c669fb06126df51797dbcc0200e1ddd196e3080520919142231ca37a23a9d35e9056b15a02c266c46fd88c1404b423d11790a6dac92959351f17b5bc4e1a5e17033ed878787aa3db2703647b7fef1376543df3ca0fa2575fbf64edb1d77fd5b46062fad2974e2d445ffa833ded6181d18dffadfdf7bf6f452ffd64a56dc7e1387bf1a7ed585f20c56fc3173816afbefedfd1a3a79fb61ae45dd7bf23aaddd08a4752021e36d211d782fefd2ffed6820fff3ff99f2f451fbef916d367bf6ffbecd5cb97caa816f0f4a9eb767e74f9ff5efec9ff24025012065e2c43e542a41354905668d8dd1fdd1efde6adb76cc36a37fc4e5bad3ef3c3ffb08c426015d70164188107fef9090bbe40d909839b03f4991ffe20baf2ebab167037bfb7d6d620e029ae810d79e0137f68cf01b0d0461f30d7edac7fc80e7c2670a08f7e6d7e7713ec30c79f1b105e34205cf1c60125a0bc50956a406371707a091e29099e1b4620443fbc35eb8c644c9f0a946c3f324e8a414d9e22f200a9c78036fee71c381d1b1d283ffbe5c73be6d8bba005c159a71322b1bdc2f69eb6f3a00260e0528af982a0884381312d037b69c38547362ac1e1a3ad077ec3f66e7d5f6b0b8ab6e7ace6c5718ef3d0700809643a8f4999e21e8273720e31c32165f3bd52b451be5426346ec7d71fe9f0a698015ca1eb1fa8a09dce403d43590cdaa3cf20fddc2948fc87a40af66752a678026db736a0d1cbff12154c9742859fd8fb671670f070df75fdf5d67e40856143006450b97f6aec0c887dd879908e7048020d06c14e84dd07dbdbfe367db3efc4bcb5f9fecdf41dcfa3df5ab6e36bf6f3f4e71eb3f7b5ecc77f2ae2b07c6444adb32d44b413f8894ac291d013e3080a434a423523361554ed60116d6f9fddce3eb4c17d952789fe84f061f64d416dd618ce2bf920d974a280ce1466fc0980d384ca21e6a4a7d0020d36015cec4f808c017f10133d683b9ecf6efbada391bc956226076d38669260a4b452dfdfd33662b5971b6863116d404427beffb31fa91cc64e601e78fa5857b326439260908a1480ee556370e2d38d92fb329275264ba08d4d9c3941df4300b19f99ecc1192a4c289cfbf9eabadcc552242003c6ad34f74ef0d12b626a919e300fb4f1897df9a4d87d1430ad8cecb7b5624b3d63bef993eb222071749df18051e254da8598c1c001af47ebfd2f34eeb513daad79d9d6f93045766dd2f78ce78bfe07d876fdc3617b0ed3781f78effbec779ba574e9421b27592612324b40d801da031abffd8ed6dca2f194c28cc5e6f296290575322dd3e6f01f30b1cbc968ef1a8054bdf47ef8c9c5d681369783e2fe06f82019e1b4e8e848a95e702b8cb266a7dc807c483ebdd23fd0e622e60d320b1d9936948e985e2dd50bceeb3531eb8214e67aaf4dd2cb024879a6e52ad99a0340c3821e548c36027e07005e7b04b30c510f0a1c2437e44964ad6c6f985626ccd2ba053549611e770d6e1c218bc62765e308e0c7f571cb32f31025799ee7b3ce6511d674e459cd965457acad4972229352b0d826a67c15a191411a4dd8aa02223d6ef1374696bb7b80bb18db95c4da16492a1fb68c3ba5e42bd795e47a155edaf3cb5279a83f3ee179660df826f1292dfd7e9becc4a09d8ed325453e2ab1014998b2e1ba0e54fafca50b1d5b6ac4314aaf0d2625cdace81571baf37d9b44eab5289ae2f60f6c2d1b7da063eb0f77e2dd978e066070fd4b99a457bdc5ad058ea3b81dc050c7bb4dbb929c492e0f45df95b48ed85225bb63a1b3c028bdea1ede32d417e287c821db1d13278acbaa6072a48f7ca3316e93c83826c70105a0bcdbee377339c1e65d8bf510cbe6ab966258589e378ae16b3fa7d892b6f0e022fdac9b6ff60d80186190303e71cf45e5771d9bb5522569cbb4412200096964fd26bda492c0c9cbc3b8f89c5d97237b5ce7110c0305408c50d725d7ea185211920fd20452050cdd9d3162de6b42476853e0749f677be2c0861d218a0e2a5fffe9bd097b41a5029051f038f10f7b05f3c6d86683abf3f536118344984ad2529cd35065aba0a2d24f7bb871ce45124100f84088b2e284c8400310a3673465ef3caa60380730a06bc62bdd52408df4827c618b9617de9f5826669f608ffa1ca522abd5600bc639757656a3bb5db37a0f40bd979d8f20dab95b28e3460022b62283633248e4ee523a08f501dfb058dfcd36a7d42ab2076092478bbeea8560282d0e8878581261dfba2dd6ae9ab3aba9680ce35c9689ebc7efff6cec7569cfce2af1100877635e83228db91d1d434c2ee0600b16098f008410003eb00184089d5539d75f1a00d336f386bd0106a2c118b19cb886779965466134c7d6b845a8a814a99a187ad1ea526f3aa4a5649ec0b46b9f6f71d6fae8f00c924bab323d4a53c1690b53003876305f4580700c465f96c621008c2dc87c07ecc96e099d80b290d93d48d93d743e74f03e2ee53dce51c9420712628449e1998101a0de0cdc4700191a8218215f39c03d02975f1b9c05eae884b4c073af432f3ec0f9b6f1cd1b987635549c675c6578a63400a66d9586990c48176ce1d0dad3ae9551cdad3c0689ec3e294b2ff4ec79f0627dea9f128dd393faf0651cd7ba8c282481b02aa7acd4386092114c11ae433135015f7300d790e825081da070b6b82dc3c3c51cabcfc142e805bcf1c51eafd8f3973d60dedb557da0012a7ccd43754e8806972f906913139c5720c07b2d7362bb6c55ecda9676831ed3c171bbd817937e7b2d90dc41088700cfe35a8b38c7c94ddc6060ba9ba9b3a47e1c68094803f92e8f0d850641fd027418f1b057067df9a69b69f294bc7826cddecdab7a7d12cee77cf880e2731ccad8460dcf8d03fe4003908c818a051021455a7b42af596651fd82ca5ab89ef622c232486faa5e86974cd54b7eb9920dc7f319cc93b8c07419361bfaa7e41df47b03400dc4d61e806bed5c343006ea183b76e6317631871c47bec0315f1693b57c9f1340a35ebfe8a5e9b1bdb6795f5c7363acda8447a9d59b2b51117467e4208de2aef14941fd3e96ac000508ab0c4b559a904a829d02f50bb5b2cb66c3acaddbd51e0c41401affc7c59c2011106f644a3e56e0d3568aeb1c3b7f7abeb57d04628e49e56b49b4c5799391be06929d69ee282f2e484ec99f3628b881381301747b9805ee9a037c294f52fb29003880dd6bc99b3429a7b7e4c89b04db532724cda8c76802e3b0a18dbfc3d67219f857debc9a2be53d6ff9bef090fb62695c733ac79bd8d3a4589ef6e4697f5e5eb9e119f4d94b9e4cf50d23012135a01660af854d8b02f5c40674ed34c4b50e0f406671a04d0840ecac040fb819362e0ad40f00c24e0a9b9207ea0b00dd2d5e0305ea29008be6a905baf6a92761985e4cb72146c5a4d8ac6b7211df2a7b6020cec62074156b830300078ce05d73ad0989c1624dbe2c165f5095af1203e95d9eb83340dcce4fadcdbb3fbb6e8681c9b704a2ae87deed81e77deb34749df8e2e9a0827b40ee4e003ef0f135a3000640d75afdbf3e59404facb393f99a2a4d3aaf11e5734a8b0168df0e0ddc2799f3b7a8078185733a808b7a108cbe2944df9b05f472872c397f5956286e3a09a8818417d9e0f5a12d9575635b7ac54d7f314bd95567942494322dc2de336926c15ae2f413fe679d20f53057cb67fbcc09ecf240757e40424da813da88fbd12666367300f0fd6b7c45d63e5978e48b14601a4dbf551ebfe3eaaff78e71cd203d2da89f8381c87621cfb0974b120a01504f6ae33bdfb8e802adac2c5a76a09b1ea4d798b8f502b3e36c4f800247d2fbeaf4ca33c4309302e8716f1a87d464c68bde1a0ed9d65c770be035cd6fb4d197fec417031170e003e774ddf6ed7616d3afb74d6fcadd379a3fd02c98d2b3df3b06e55a613b7f248be4c272454ca1254d7c574d94987ee6ded82101e2ec3bcdd41633df489482000aa42c40f068864ce3accb43d1597c31200075f1176b6d60ba4475eb020689106efbb420a8427365012d1346f046fb2cef0b19c93202380a742c4f7b9d5aa5562101adf17df58d5829c5779864f53875964812d95ddf6fad27ee590842909d8bc77536b21eac6e1203df9fc7579c01903e29b24fde1acf4402eecf8d4fb70d6525cac64940fd5db7a79b0986c236a0b613d22a10a7b2215501de24fb8f40f3d93cf6ad9be284c0d0f72567ea3ae881c1c40877605192d15ec27fdb4c1d938c7aacd3659a17ea837ba072b94a8ddbd8baa0d576dd498ff3411b11f7136ca833ed4737f51ed247bf7235c90ed41b7262706bc7ad9733563d714268946b46e511fd71f1347a9c7c69b24ef2743d5ced39ea8c61375cc305ea7ce71d77f24adaaa82d7c0198199c27ae03cd2bf7cd2966f9964fe9f8f27bea5907a2021ece33a677c63551aef06857a928ed5cbb00d4678550c07506037a6959fb71e3e8762b3d03505c0401b8f86030b020500060a000c14280030500060a040018081360d2110bd628e89c08a408102050a142850a0408102050a142850a02a6928cfc5923913fdf61bcf2e157998b9bf6e3eea6e19e6fc98f9a899a369ceaf846ee9e4b750d31cabe61853e7560dbf56fb58bf767f0aad98fa34f394312205cd9b8f4955180a011066080873cd94f95890ef47ccf9999c95c53350c6223ecdefe328df1ca7e4b96064c39cdf2fdf7bce5cf3ec9a74706e46564400e083c21f0cd8fd726e56fe9f33c7a13ed6af2e75e14099907a66a661914600c20907c9138e34d2489fced9b153720fcabb28a7d1d1f35279fd6c801cf989aff481a17cf6406c6463f87f4806237fafcab96840ea07b02d7753469ea9b825918c8b059e73507d5f94b2964422924ec83982bed6079ed63c832d5085349c07ede6789fa8cdbcaa714c9563a5abf9fa9c53fe71398f03ea794f1ff83123cfde1fa0d11b2ab228096af3688562bdd92f0088c911c037a80034b6dc823807479cf393ca30861a3b015b45bcdb792d09cdb933a266b587f7a0393f2ee7c74405d64d19438ea73caba4e99238494de5311e94ff6b22a59fd336933819b3e27035e5b08e96d42b729fed796e53a4f7913847459535266d5a769c893daade75557e4dae9fcb1b0d90b64dcb73582f94b398f1befbd4697b9fea3f3a677b84c70de1db11a7b807c5d9ac8ba9a5fba72665692f7e2e6f3ad69cebfd9a820f89278b10ca765163b3e6fc29a56e5de76646ae6bdb7feafcb26b830923d0a90d73cd6dca7e9c578d3b25c09a10468d493d1aea9a33c26c3ebf21e722554fd7fe3b23e5e2faed2cd761a42b4927a4ec9a1a6833cab39d52ed7a457e4f48f978d61901661e3a23f59a917e40c79f12e190043ede3727f745bc4f06c19c6aeb82b293677d36b494715cda74ca79ce94fb9c5c0074c3226af4464ebc0a3459808949de694d392875cf679a03314d468a5468647476dae5160ccdd0736d7aca9ce57794adcaaf390e5a9af49b7624b4a6d9845b7df7353d8ea37620d9073e094dd3ec0a079b0cb2d8e78ce46864c3139b6b78d46bcd09dd7415cb53b1395f43e768bb49fc7054ae1df51435eefc3e22d7a5d56f0fef15699f1b8009ff4d7ad4366934c733b4fa9c37653515cf9284c078c27d3e7a4e54f3891800c6b531f639796cc059e9f0d598d8a0ab6ecba2ba47122f7ac241e314f1e63897d1d9c9e2698fcb085e14e0cf56e40095c5bb9982335559ee6baaf85f29f51bce2885c61c69a7638371f74c95a182c50e6926a81e7e4ec9f5876246e76a9c6497f6f9fe9b14f0a1dc3d5d323eca51a75a4e69bb9ad00ff369808ab9ef50496d5c497ace7006f0d5a3989901e9909518b57930e9c139e9a86baf0968ee8b39af01d590361c75aed19e59332d7e09303a06fd7d71c0cd41271c9e696db35a803f2e2f1a2936eed138e1613eb616684fc363ff2e263d67488d12df5cb05be876373ca03cd086d85557041847115c16dba6e1943b23a01e53237851d90c7527d4b222759c9667b05efbe5bf497a5c42c7a56c960f0f7b49ae5b9072cf897a3d21f5e45c754d3d7bbf78a93547e2b33d7b7c610e4f9b67548888ed9d53cfa58a679dd071fb9d3af9fac4f20dd103d5b65509136d95e74d24394f02b679df7dd20fba9f56d8afeade59d55f2bc2a3869c9b707209dce7d4ff5f8001001094aeb5a335bc050000000049454e44ae426082),
(3, 'L''Erbolario', 0xffd8ffe000104a46494600010101009000900000ffdb004300090607080706090808080a0a090b0e170f0e0d0d0e1c14151117221e2323211e2020252a352d2527322820202e3f2f3237393c3c3c242d4246413a46353b3c39ffdb0043010a0a0a0e0c0e1b0f0f1b392620263939393939393939393939393939393939393939393939393939393939393939393939393939393939393939393939393939ffc000110800ab028a03012200021101031101ffc4001f0000010501010101010100000000000000000102030405060708090a0bffc400b5100002010303020403050504040000017d01020300041105122131410613516107227114328191a1082342b1c11552d1f02433627282090a161718191a25262728292a3435363738393a434445464748494a535455565758595a636465666768696a737475767778797a838485868788898a92939495969798999aa2a3a4a5a6a7a8a9aab2b3b4b5b6b7b8b9bac2c3c4c5c6c7c8c9cad2d3d4d5d6d7d8d9dae1e2e3e4e5e6e7e8e9eaf1f2f3f4f5f6f7f8f9faffc4001f0100030101010101010101010000000000000102030405060708090a0bffc400b51100020102040403040705040400010277000102031104052131061241510761711322328108144291a1b1c109233352f0156272d10a162434e125f11718191a262728292a35363738393a434445464748494a535455565758595a636465666768696a737475767778797a82838485868788898a92939495969798999aa2a3a4a5a6a7a8a9aab2b3b4b5b6b7b8b9bac2c3c4c5c6c7c8c9cad2d3d4d5d6d7d8d9dae2e3e4e5e6e7e8e9eaf2f3f4f5f6f7f8f9faffda000c03010002110311003f00f71a28a2800a28a2800a28a2800a28a2800a28a2800a28a2800a28a2800a28a2800a28a2800a28a2800a28a2800a28a2800a28a2800a28a2800a28a2800a28a2800a28a2800a28a2800a28a2800a28a2800a28a2800a28a2800a28a2800a28a2800a28a2800a28a2800a28a2800a28a2800a28a2800a28a2800a28a2800a28a2800a28a2800a28a2800a28a2800a28a2800a28a2800a28a2800a28a2800a28a2800a28a2800a28a2800a28a2800a28a2800a28a2800a28a2800a28a2800a28a2800a28a2800a28a2800a28a2800a28a2800a28a2800a28a2800a28a2800a28a2800a28a2800a28a2800a28a2800a28a2800a28a2800a28a2800a28a2800a28a2800a28a2800a28a2800a28a2800a28a2800a28a2800a28a2800a28a2800a28a2800a28a2800a28a2800a28a2800a28a2800a28a2800a28a2800a28a2800a28a2800a28a2800a28a2800a28a2800a28a2800a28ac3f10dc788adb126896561771aa12e93cac8e5bd17031d3d6813763728af1597e32eaf0caf14ba25aa488c55959d81523a8356b48f8abe20d67508ac2c341b59ae65fbaa246181dc93d80a9e6465ede17b1ec14567688fabc96ccdac43670dc6ef956d5d9d71ee481cd68d51b20a292bc5fc4df16f538f589edf4786d96d2090a07954b34b83827d8526d222751415d9ed345731e02f16c5e2dd21ae7ca105d40db27881c80719047b1ae8e6f33ca7f24299769d9bfeee7b67da9dee5269aba24a2bcd7c55e35f16f8584726a1a1e9ef6f21dab3c333b26ef43c641ae74fc69d500cff63d9ffdfc6a97248cdd6845d99ed94571b67a9f8e2f2d21ba8b4bd0bcb991645dd77267046467e5a82ff58f1fd9a33af86f4db90064fd9ee8b1fc8e09a772b9d1dcd15e3173f1875ab4b87b7b9d06de19a33878e4675653ee0d7a6783b5a93c43e1cb3d525892292753b910e402091c67e94292628d48c9d91b745473f9be4bf93b0cbb4ecdff00773db3ed5e75e2bf19f8b7c2cb1cb7fa269d25bc8db567866765dde872320d0dd8a949455d9e93457899f8d5aa004ff63d9f1ff4d1abbab5d4bc7375690dcc5a56845268c48a0ddc80e08c8fe1a4a49931ab196c765457986b9e3ef15f87195b57f0cc09031c096298b213e9bbb1fad5cf0f7c5ad17549d2defa1974d95ce15a460d1e7dd874fc453e641ed637b1e8745341dc010410790452d334168ae6fc477be2ab26966d234cb0beb64504234acb31e39e3a1fcebce0fc68d54120e8d68083820c8d9149c92339558c373dae8af35f0a78dbc53e2b8ee64d3749d2556d9955fceb875e48c8c601ad9b8d43c7b02171a1e8d3e3f862bb7c9ffbe80145c6a69aba3b1a2bc95be305dd85e3da6afe1c9209a338745970cbf811cd775e15f18691e28898e9f3913463324128db228f5c771ee284d308d48c9d933a0a28a29961452135c5f8a7e25689a04ad6b197d42f54e0c36e7214fa16e80fb0c9a1bb0a5251dced68ae334fbbf1c6b30adc1b7d374585f9449d5a6971ee010054d3c7e3ab346961b8d1f52239f25a27818fd0e48cfd695c5cc75b4579f693f146c1af9b4ed7ace6d1af636dade6fcc80fb9edfcbdebbe8e44951648dd5d1865594e411ec69a7708c94b61f452554d51afd6cdce9a96ef7431b56e18aa1f5c91cd051728af25d7fe267893c3da8b58ea5a0d947301b948958abafa83dc5670f8d1aa1381a3da12780048dcd4f323175e09d99ed745735e19bff14dfb4536afa65858daba6762cccd30f4c8c607e75d2d51aa770a28a281851451400514d7608a598e1546493d85715e04f1da78ab54d52cda18e2fb3b6fb62a4932459c64fbf4fcc51725c92763b7a28a282828a2b375a7d5d2053a3c5652cd9f996e9d9463d8a8340334a8af20d63e2a788744d425b0d4341b486e23eabe6b1047620f714ed0be296bbaeea9069b67a469c2e26ced324ce17819e4806a799197b685ec7aed15c74f7fe3e8a32cba268b311fc31ddbe4fe6a0572d3fc5ad4f4abd6b4d6bc3660993ef22ca54e3d4647229f321ba918ee7ad515ccf84bc6fa3f8a7747672bc574a3735bcc30f8f51ea3e95d2d3b969a6ae85a2abde9ba16b29b31135ce3f762524267df1cd79bf8a7c7be2af0b4f1c7a968760525cf9734533b23e3a8f63ed49bb0a53515767a8515e27ff0ba754ffa03d9ff00dfc6aecfc29e22f177886182f4e8da7dae9f21044924cfbdd7b955c7f3c52524c88d68c9d91dcd1494551a8b45676b7ad69da159b5dea5751dbc43a6e3cb1f403a93f4ae32c7c7faaf896f24b6f0b687e64519c3dddebec8d7ea077f6eb4ae4b9a4ec7a2515cafd8fc6ac371d674846fee0b262a3db3bf3591ab78c7c45e14647f10e8b05c58b3051796121c03fed2b743fe7343760734b567a0d158be1cf14693e24b73369b7424651f3c4df2c89f55ff0022b6698d34f542d145140c28a28a0028a28a0028a28a0028a28a00292968a00f9b7e28dbadb78f35554180ecb21fab2826baaf80b6eada96ad7254164892307d32493fcab9bf8b7ff23f6a3feec7ff00a00aeafe017fadd6be917fecd592f88e087f18f60a5a28ad4ef10d7cfbe31f875ace957f7975696ff69d372f32caac328bc92187b57d046b82f1eeab71ae4527857c3a05d5edc10b77329fdddb47df737404fa75a992ba32ad0528ea73ff0000e194a6b171c8859a341e85b04d7aed63f84fc3f6de1ad120d36d8eed9f34921183239ea6b669a5645538f2c52398f8956c975e06d615d73b2032afb32f23f957cd4ff74fd2be9df1effc895adffd79c9fcabe616fb87e9513dce4c57c48faabc37ff0022f699ff005eb1ff00e822b4ab37c37ff22f699ff5ed1ffe822b0fc65e20fb0eb7e1fd22da7297379788d2843cf9433907d89fe557b23b2e946e4be3df07da78a74b917cb54d462526de703907fba4f75354fe0fef5f045bc322959219e68dd4f621ce4576b556c34fb6d3fcf16b19413ccd3c832482edd4fb7d28b6b71722e6e62d5733f12ed92ebc0daba3807643e62e7b1520ff004ae9eb9ff1ff00fc897acffd7abd0f61cfe167cc4df70fd2beacf0f7fc8074dffaf58bff004115f29b7fab3f4afab3c3dff200d37febd62ffd04545339309bb26d4ec2df54b0b8b1ba412413a147523b1feb5f2adf5b359de5cda3f2d048d19cfb1c57d61713c76f0493ccc122894bbb1e8001926be52d4eebedda95e5e7fcfc4ef2fe6c4d131e2ed647b9fc19d6a5d53c2c6d6e199e4d3e4f24313c94232bf974fc2bbfaf37f81fa5cf67e1cb9bd994a2df4dbe204754518cfe3cd7a455c763a295f915c4af997e215b2da78db58891405f3cb803b6e01bfad7d375f367c4ff00f91f757ff7d3ff00405a99ec658af80eebe00ffc79eb5ff5da3ffd04d7ac5793fc01ff008f3d6bfebb45ff00a09af58a71d8d287f0d1e55f1db4985b4fb0d5d540b8497c87603ef21048cfd08fd4d793e89aadc689ab5b6a56ac565b770d807ef2f753ec457ab7c76d5e116361a3ab869de4f3e400fdd500819fa93fa5796787f46b9d7f57b7d32d5199e661bc81f713f898fd0544be2d0e4adfc5f7773ea782559a18e55fbb22861f4229f4c86358624897eea2851f402a97883524d1f44bdd45f916d0b4807a90381f9d6a77decb53cdbe2d78ee5b691fc3fa4cc639318bb9d0f2b9fe053d8fa9accf829e188afaf26d76ea30d15a3f976ea47064c64b7e008fc4d79a5c4f2dccf2dc4ec5e695cc8ec7b92726be8ef86362b63e07d2d00f9a58fce6f72c73fd6b35ef3b9c749fb5a977d0ea68a5a2b43b4f38f8c9e198f51d10eb304605e588cb9039922ee0fd3afe75c3fc32f1ccda05ec5a6dfca5f49998282c73f6763dc7fb3ea2bde2f6dd2eece7b6700a4d1b2107d08c57c9b3c5e4cd2c079f2dda33f81c7f4ace5a3ba38ebde9c94d1f5b8390083907a52d71df0a3597d67c1f6c667df7168c6da427a9dbf74ffdf2457655a2773ae32e6573c8fe3ec09e568d7181e66f9109f6c035e79e06b74baf18e8d0c8bb90dca923d71cff004af48f8fdff1e3a37fd7693f90af3df875ff0023ce8bff005dc7f23594be2386aafdf23e98ef4b4515a9de14514500145149401c5fc5ad77fb1bc233c71be2e6f8fd9e3c1e403f78fe5fcc5788f83f596f0f788ec75104f971bed947ac6786fd3f957b34b61178c7c59ab0b81bf4ed36ddac22f43338cbb0f751819fad7846a365369d7d736370a44b6f2346e08f4ff1eb594bb9c3886d4948fac63759115d1832b00411d0834fae1fe10eb9fdafe138a095f75cd81f21f3d4aff09fcb8fc0d7715a2773b232e65741494b45328f19f8f9046b7da3dc81fbc78e48c9f652a47fe846b95f857ff23e697f57ff00d04d75ff001fbfd6687f49bff64ae43e15ff00c8f9a5fd5fff00413593f88e09ff001cfa3ebcfbe34e9105e7851b52d83ed362ea55c0e4ab10a47d3907f0af42ae17e325fc569e09b8b766025bb91228c6793860c7f415a3d8ebaa9723b9e0da75fdc6977f6f7f6ae527b770e841f4ea3f1e95f54e9b7697fa7db5e478d93c4b20c7b8cd7ca305bcd753c76d6e8649a66091a8ea58f02beaad16c8e9da4595913936f0a464fb818351039f097d4bb5c17c6ab759bc12f29505a0b88dd4fa64e3fad77b5c4fc62ff910af3feba47ffa18ab7b1d157e067cfb0c7e6cd1c47a48eaa7f138afaced204b6b586de3002448a8a07a018af942cffe3f6dbfebaa7fe842beb41d05440e7c26cc2b2bc4daedaf873469f52bb3948c61101e6473d147d6b54d7887c71d65ae75bb6d2236fdcda47e63807abb7f80fe757276474559f246e71fa86a1ab78d3c4509b8937dcdd4a228507dc8813d147602be8df0f68b6ba06936fa6d9a858a25e5b1cbb7763ee4d788fc18b15bbf1aa4cc32b6903ca3ea70a3f99afa06a61dccb0cae9c9ee25437b6905f5a4d6b7512cb04ca51d1864106a7a4ab3a4f9975bb3bef0478ba786ce79219ad9f74128ead19e467d47623dabdd7c07e2a87c57a2adc8558eee2212e621fc2dea3d8f6af3ef8f56223bfd2b505500cb1bc2c477db823f9d739f09b597d27c636d1163e45fff00a3c83dcfdd3f9ff3359a76958e28cbd9d5e5e87d154520a5ad0ed0a28a2800a28a2800a28a2800a28a2800a28a2803e73f8b7ff23f6a3feec7ff00a00aeafe017fadd6be917fecd5ca7c5bff0091fb51ff00763ffd005757f00bfd6eb5f48bff0066ac97c47043f8e7b0d14515a9de21a86dad6ded2331dbc11c2849622350a093d4f14dbebdb6b0844d752ac5197540c7fbcc7007e24d58a002968a280303c7bff2256b7ff5e927f2af984fdc39e98afa7bc7bff2256b7ff5e927f2af985bee1fa567338715f123deeda2f1f37872cffb36e7450a6dd3cb1e5b870bb46393c67f0af34d1e3d5a2f897a72eb9e7ff68fdad0c8663927d083e9e98e2bdebc37ff0022f699ff005ed1ff00e822b07c69a0b5e6b9e1cd5ade0679ed2f552528327ca3dcfb023f5a6d1bce9dd2699d852d15199a313087cc5f34a96099e481d4e3d39ab3724ae7fc7fff00225eb3ff005eaf5d0573fe3fff00912f59ff00af57a4c99fc2cf989bee1edc57d0163e2fbeb0d06cdbfe112d6658e2b78c6f4084300a391839c7e15f3fb7fab3f4afab3c3dff00200d37febd62ff00d045440e3c2a6dbb1e17e33f88faa789207b08e1161624e24895897931d98f61ed5a3f0d3c11a2ebe45dde6a91dd343867b08c152bfefe7923e9c7bd743f197c270cda737882ce154b9b7c7da420c79887f88fb8f5f4af26d0757bad0757b6d4ed1889616c919e1d7ba9f62293d1ea29b71a9efea7d5114490c691448a91a285555180a074005495574cbe8753d3edafaddb743711ac887d88ab55a9de82be6cf8a1ff0023eeafff005d13ff00405afa4ebe6cf8a1ff0023eeaffefa7fe80b513d8e6c57c074bf07535e7b5d57fb166d3a35f353cdfb5a3b12769c6369aee752b4f8872dbb8b6d474389c8e3cb85f77e05b23f4ae6fe00ff00c79eb5ff005da3ff00d04d7ac538ad0ba31bd347ccdabe9f77a56bcfff00097dbdfcb2487733c728ccbee1ce4115eb7f0db58f06bc5f63d0e25b2bc7037c538c4d27fc08fdefc3f2ad8f887a145af785af2164533c286681c8e55d467f5e95f364523a3a4b1b3248a432329c153d88352fdd66127ec25dee7d735c67c5f9193c057e17f89a353f4de2affc3dd75fc45e15b4be9c8372b98a623bbaf19fc460fe34ef885a73ea9e0cd56d6305a4f27cc403b9521b1fa55bd51d327cd0763e656fba7e95f54785d163f0de96aa4102d63c63a7dd15f2c7de5e3b8afa7bc0b702ebc1da3cc0e736a80fd40c1a881cd84dd9bd451456876895f2af8894278835355e00ba931ff7d1afaa5982a9663800649af93b529bed1a95e4d9cf993c8df9b1ace67262f647adfc0276365aca73b44b191f883fe15eb15e6ff0374e6b6f0cdcdeb823ed97076fbaaf19fcf77e55e91551d8da8ab411e51f1fbfe3c746ff00aed27f215e7bf0ebfe479d1bfebbff00435e85f1f7fe3c746ffaed27fe822bcf7e1cff00c8f3a37fd77fe86a25f11cd57f8cbe47d33451456a7705148480093c0a82c6f2df50b58eead25596090651c743ce28027acaf146ae9a16817ba930cb4319d8bfde73c28fcc8ad5ae1bc6715c788fc49a6f86ed2e5ad96d97fb42e66540db369c463078396c9e7d293264ec8dcf05690da37872d6da639ba9019ee58f5695cee627f138fc2bcb7e37e85f63d66df58857115eaf972e074917a1fc47f235e8bff08df887fe874bdffc0487fc2b17c5fe0bd6b51f0fdd4737892e2fcc4a668e092da250ccbc8e40c8a4d5d19d487342d63cf7e12eb9fd8de2d8a191f6db5f8f21f2780dd50fe7c7e35f430af9151d9595d18aba9054f7523a57d41e0cd697c41e1ab1d4411e63a6d940fe171c30fce941f432c2cf4e566dd145156759e3df1fbfd6687f49bff64ae1fe1f5cc965e2fb0b886d26bc9137621871bdbe53d33c5771f1fbfd6687f49bff0064ae43e15ffc8f9a5fd5ff00f413593f88e09ff18f4ef107c47bdd1adcc92f853538b23e57b82ab183ee5738af22d7fc417de2cd5e3b8d56ed208f3b530a4c702fd0727dcf5afa6e68a39e278a54592371b59186411e8457cebf12fc2ebe19f1014b652b61740cb00ec9fde4fc3f91a734ec6988534af7d0f51f873e09d1349b78757b7ba4d4eea55f92e87dc407aec1dbea79fa57795e11f06bc4ada6eb9fd8f3c9fe877e7f760f4497b63ebd3f2af77aa8b56d0da8ca2e3a05713f18bfe442bcff00ae91ff00e862bb7ae27e317fc88579ff005d23ff00d0c5396c554f859e0167ff001fb6dff5d53ff4215f5a0e82be4bb3ff008fdb6ffaec9ffa10afad074a881cd84d9857cd3f1258c9e3bd689ea2603f24515f4b57cf3f17f4f6b1f1bdd4c41d97889329c75e369fe5fad39ec5e297b86d7c065075dd518f55b6503f16af6daf0af8197023f14ddc04e3ceb4247b9561fe35eeb4e1b1587fe1a0a4a5a4aa373cb7e3da83a3e94ddc5c301f8ad790e92ed16ad61226772dcc6463fde15eadf1f6e17ecfa35a83f31792423db000feb5e75e09d39b54f1669568aa5819d5dfd957e627f4aca5f11e7d6d6ae87d4145252d6a7a01451450014514500145145001451450014515cf788fc5fa5f87f7c772d34b74abb85bc3133b367a74181f8d026edb9e27f1658378fb52c1ce0460ff00df02baaf804e05ceb31ff1158dbf0e6bcef5b9b50d6357bcd4a6b3b8592e65326d113614761d3b0ad5f01ebb7de13d6fed9fd9f7535bca9e54f1ac4c095ce411c7506b14fdeb9c1095aaf31f495266b9183e2378766883b497b11c64a49672647e42b9ef14fc52d96cf0787f4fbc9676181732dbb2a27b852324fe42b5e6476ba914ae58f1aeba97fe38f0f786edd83ac57693dde0f191caafe1d7f2af47af9f3e175ade5cfc41b3b8bb8ae59bf7b2c92ca8dcb6d3c927debe83a5177d49a52724db168a2a0bbb986ceda4b9b8711c3129676209c0fc2a8d4c5f880c17c13ad93d3ec927f2af9908f948f6af5ef899e388b55d264d1b46b7bb9d6723cfb8f21d542839dab91ce7d7d2bca3ec777ff3e973ff007e5bfc2b29bbb38312f9a4ac7d35e0ab8175e11d1e6ce775a479faed00d6d578d7c31f1bff006269c347d62d6f12dd18b413ac0ec141392ac00ce33d0d77577f10fc3b6c9b967b9b838c8586d6463fcaad3563ae134e299d5e7039e00ae07c2fadc7e23f88babdcdbb06b3b1b45b589874625f2cdf891fa5719e35f88babeb96f258697a75e58d9b8c492346de6c83d381f28ad7f80d692c2bad4b243247b8c48bbd0af4dc7bfd69735dd911ed39a6a28f5aae7fe20b05f056b258e07d99856f4b22c513cb21da88a598fa015e4ff13fc6d6fa9e8efa368d15d5cf9ec3cf9c40e102839c0c8e4938aa6ec8d2a4928b3c75bee1fa57d57e1c60de1fd3194e41b58f9ff808af973ec775ff003e973ff7e5bfc2bd93e1c78ead2db43b6d27588ee6d67b61e5c72bc0e51d7b64e383dab383b1c9867caddcf4abcb68af2d66b59977453218dc7a82315f2aea962fa66a777612643db4ad11fc0e2beaf53b9430e411915e0df18f459adbc5ed7705bcaf15ec4b212885be71f29e9f415535a1ae26178a675ff03b59377a15c69523664b19374609ff00966dcff3cd7a5d7cdfe00d6aefc2de204bd92c6eded654314eab0b6769e8471c907fad7d03a3eb163ad5afda6c2532460ed3b9190a9f4208069c5dd1542578d997ebe6bf89acafe3cd60a9c8f3147e211457b87893c67a5f87ccb14df68b8bc45c8b782166272323271815f3cea8da86a7a95d5fcf697025b995a460216c024e71d2a66ccf14ee923d43e0148a20d6a3fe2f3236c7b608af5aaf9dfe1c7882e3c29acc935c69f79259dca08e6090b165c1c86031cf7e2bd863f1ef875e1127db26071f71ada40ff96da716ac69424b91266bf882e62b3d0b50b89982c71dbb924ffba6be545fba2bd5fc7de29d53c5909d1f40d1f51366cc0cb2b40cad2e3a0008e17ebd6b3fc2bf09b54bf9a39b5bc58d9820b441b32b8f4e385fe74a5ef3d0c6b27524944ee7e0bda4b6de0889e45c0b89e4953fdde00ffd04d776c32082320f6a8ad6de1b4b78adade358a189422228c0503a0a9aad2b1d718f2c523e6ff88fe1597c33af49e5a37f67dd3192ddfb0ee53ea3f957a37c10d652ebc3f3692ec3cfb290b28cf26363907f0391f95775ade8f63aee9d2d86a10896093f353d883d88af219fc13e26f036b49abe820ea56f19e420f9ca1eaaebdfea3eb536b3ba39fd9ba73e65b1edd4571da3fc45d02fa1517b7074bbac7cf05e031907d89e08ab7a878f3c35631963aac17127f0c56c7cd763e802e6aae8e8e656bdc77c40d6d342f0a5f5d6e026910c308f576e07f53f857cf1e1ed16eb5fd56df4cb3526490fccd8e117bb1fa57a06b361e2af897aa452ad8be9ba4424f926e72a003d588eacdfcabd27c1de11d3bc296461b45325c498f3ae1c7cd21fe83daa5ae6673ca0eacefd11ada4e9f6fa4e996da7daaed86de308a3e9dff1ab74551d5f56b1d1ad85c5fcde5464ed0421624fa0001ab3a74479b7c7d3fe83a30efe6c9fc8579e7c3c6d9e38d149ff009f803f306b5fe26788a6f15ead09b3b2bc5b1b452b1178181727ab631c76ae52c9750b2bc82ee0b5b959a0916443e4b75073e95937ef5ce0a92bd4e647d5d4b5c2e8ff0013b48bbb6437f6d7f63718f9d1ad9d973ecc074fad1abfc4ed22d2063656b7f7f3ff000a25b3a2e7dd88ff001ad2e8ede78daf72dfc4ef12a7873c3170c8e05edd2986dd7be48e5bf01fd2b53c176bf62f096916ff00dcb58ff519feb5f3df89352d6bc4faa9bdbfb7b8dcc42471ac2db225cf41c7eb5f49c263d3b4a8fce6091dbc2a1db1d028e6927764539f3c9be84f713476f0493cce1228d4bbb1e8001926b93f8768d7f6f7fe259c7efb589cbc60ff00042bf2c6bf90cfe35c5fc4bf1d3eb162fa3e896f78d6d27fc7c5c181d778feea8c671ea6b6fe1ff8e74cb7f0f59699a9477163716b188b2f6efb1c0e841038fc68e6570f689cec7a5521a6432a4f0a4d13068e450cac3b83d2a1d4b50b5d32d1eeef25114098dcd827af0381546c7cebf127441a178baf208d76dbce7ed108f40dd47e0722baaf81daf7d9f50bad0e77c25c8f3a0c9e378fbc3f11cfe1591f1535a8bc4dad5b4ba6d9ddb436d098ccad6ecbbc939e0119c0ae4ac9752b1bc82eedadeea3b881c3c6e216e08fc2b2bd9e879cdf255bad8fab7345725e10f1d59788120b79a19ecf5261868248582b10392ad8c11fad6f6b1ac58e8b6c2e2fe631464ed184662c7ae0000d69747a0a49ab9e5df1f8fef7431df137fec95c7fc2d60be3cd2f27196703ebb4d4ff0011f5e9fc55aeadc5b58de259dbc7e543be1605b9c96231c67fa56069126a1a4eab69a8c1677065b694480794dce3a8e9dc64566dea704dfef7991f54570bf18f481a8f83e5b954dd358389948ebb7a37e873f856d786fc5fa5f8836476c6786e8a6e6827859197d792307f035b1a85ac77d637169280639e368d81f42315a6e8ed92538d8f93e19a4b79a39e16db2c4c1d0fa10722bea8d03538f58d16cb518cfcb7112bfd0e391f9d7cc177a5deda5d4f6af6b705a091a32444d83838cf4af4ef857e328b46d35b47d621ba822472d04e6072a01e4ab6071ce4e7deb383b3b33930f271938b3d86b87f8caeabe04b956eaf2c4a3ebbb3fd2bafbbbeb6b3b27bdb89425b228667c13807d8735e33f153c5dff091c7069ba5dade3d9c4fe6492b40ea246c600008ce064f35727a1d35649419e736842de5b93d04a99ffbe857d68a72011dc57c99f63bcff9f5b907b1f25b8fd2bdebc15e3fb3d4acececb508ae6d351c2c443c0fb2461c643631cfbd4c19cf8576ba67775c37c57f0a49e22d116e2cd375fd965e351d645fe25faf71f4aee0506adab9d728a92b33e60f056ae342f14e9fa8484ac51cbb26e3a237cadf967f4afa79583a865219586411d08af38f1efc31835b964d474768ed6fdf26489862398faffb2defdea9784bc59aa784e14d17c5ba7de43043f2c17a10c8a14740c46723d0d4c7ddd0c292749f2bd8f55a2b063f1a7866488cabaf69fb07526603f4ae5fc4fe3d9efe17d37c1d6b75a85e4a0a9bb8e23e5c63b9527827dfa0aa6ec6ee692b9e7df16f5a5d5fc5f3244e1a0b15fb3a9ec5872dfaf1f8576bf05bc2b2595b49afdec4526b95d96cac3958fbb7e3fc87bd41e0af850619a3d43c48cb2b83b96d14ee19eb976eff004af5850140000000c002a5475bb30a74db973c870a28a2ace90a28a2800a28a2800a28a2800a28a2800a4c7d2968a004c0f41463d852d140098fa518f614b4500262968a2800a4c52d140098f61463d852d140098f61463d852d140098f61462968a002931ec2968a004c7b0a31ec2968a0029314b4500263d8518a5a280131463d852d140098f61463e94b45001451450014514500145145004335adbcffeba08a4ff007d01fe74d8acad216dd15ac119f558c0ab1450014514500148452d140098f61463d852d140098fa518f614b4500263d8518a5a280131ec28c7b0a5a280128a5a280131ec28c7b0a5a280131462968a004c0f41463e94b4500262968a280131f4a31ec2968a004c518f614b4500263e9463d852d14005145140053595594ab0041ea08a75140154e9d624ee3656c4faf94bfe156111235da8aaabe8a3029d45001451450014514500145145001451450014514500145145001451450014514500145145001451450014514500145145001451450014514500145145001451450014514500145145001451450014514500145145001451450014514500145145001451450014514500145145001451450014514500145145001451450014514500145145001451450014514500145145001451450014514500145145001451450014514500145145001451450014514500145145001451450014514500145145001451450014514500145145001451450014514500145145001451450014514500145145001451450014514500145145001451450014514500145145001451450014514500145145001451450014514500145145001451450014514500145145001451450014514500145145001451450014514500145145001451450014514500145145001451450014514500145145001451450014514500145145001451450014514500145145001451450014514500145145001451450014514500145145001451450014514500145145001451450014514500145145001451450014514500145145001451450014514500145145001451450014514500145145001451450014514500145145001451450014514500145145001451450014514500145145001451450014514500145145001451450014514500145145001451450014514500145145001451450014514500145145001451450014514500145145001451450014514500145145001451450014514500145145001451450014514500145145001451450014514500145145001451450014514500145145001451450014514500145145001451450014514500145145001451450014514500145145001451450014514500145145001451450014514500145145001451450014514500145145007fffd9);

-- --------------------------------------------------------

--
-- Struttura della tabella `eventi`
--

CREATE TABLE IF NOT EXISTS `eventi` (
  `id_evento` int(11) unsigned NOT NULL AUTO_INCREMENT COMMENT 'Identificativo dell''articolo [PK]',
  `data_ora_evento` datetime NOT NULL COMMENT 'Data e ora dell''evento',
  `descrizione_immagine_evento` varchar(100) COLLATE utf8mb4_unicode_ci NOT NULL DEFAULT 'Nessuna descrizione per l''immagine dell''evento' COMMENT 'Descrizione dell''immagine dell''evento',
  `titolo_evento` varchar(200) COLLATE utf8mb4_unicode_ci NOT NULL COMMENT 'Titolo dell''evento',
  `relatore_evento` text COLLATE utf8mb4_unicode_ci COMMENT 'Relatore/i facoltativo dell''evento',
  `mappa_evento` varchar(100) COLLATE utf8mb4_unicode_ci NOT NULL COMMENT 'Mappa dell''evento [FK]',
  `organizzazione_evento` varchar(200) COLLATE utf8mb4_unicode_ci DEFAULT NULL COMMENT 'Organizzatore/i facoltativo dell''evento',
  `prenotazione_posti_evento` tinyint(1) unsigned DEFAULT '0' COMMENT 'Posti limitati (S/N) dell''evento',
  PRIMARY KEY (`id_evento`),
  KEY `eventi_ibfk_mappe_evento` (`mappa_evento`)
) ENGINE=InnoDB  DEFAULT CHARSET=utf8mb4 COLLATE=utf8mb4_unicode_ci AUTO_INCREMENT=24 ;

--
-- Dump dei dati per la tabella `eventi`
--

INSERT INTO `eventi` (`id_evento`, `data_ora_evento`, `descrizione_immagine_evento`, `titolo_evento`, `relatore_evento`, `mappa_evento`, `organizzazione_evento`, `prenotazione_posti_evento`) VALUES
(1, '2019-10-23 20:15:00', 'Nessuna descrizione per l''immagine dell''evento', 'Sistema immunitario', 'Paolo Biasi, naturopata, consulente alimentazione natural e fiori di Bach, domoterapia, geopatia, operatore Reiki e Shiatsu, riflessologo plantare.\nMarika Dorigo, laureata in Tecniche Erboristiche e consulente di fitoterapia.', 'Piazza S. Anna, 15, 33070 Tamai PN', 'Organizzazione a cura di Erboristeria Alchimia con la gentile collaborazione dell''ass. Marco Pitenzio', 1);

-- --------------------------------------------------------

--
-- Struttura della tabella `linee`
--

CREATE TABLE IF NOT EXISTS `linee` (
  `id_linea` int(11) unsigned NOT NULL AUTO_INCREMENT COMMENT 'Identificativo linea [PK]',
  `nome_linea` varchar(200) COLLATE utf8mb4_unicode_ci NOT NULL COMMENT 'Identificativo linea [PK]',
  PRIMARY KEY (`id_linea`)
) ENGINE=InnoDB  DEFAULT CHARSET=utf8mb4 COLLATE=utf8mb4_unicode_ci AUTO_INCREMENT=8 ;

--
-- Dump dei dati per la tabella `linee`
--

INSERT INTO `linee` (`id_linea`, `nome_linea`) VALUES
(1, 'Linea 1'),
(2, 'Linea 2'),
(3, 'Linea 3'),
(4, 'Gelsomino Indiano'),
(5, 'Ginepro Nero'),
(6, 'Bimbo');

-- --------------------------------------------------------

--
-- Struttura della tabella `mappe_eventi`
--

CREATE TABLE IF NOT EXISTS `mappe_eventi` (
  `indirizzo_mappe_evento` varchar(100) COLLATE utf8mb4_unicode_ci NOT NULL COMMENT 'Indirizzo [PK]',
  `url_mappe_evento` text COLLATE utf8mb4_unicode_ci COMMENT 'URL facoltativo della mappa',
  `descrizione_mappe_evento` varchar(200) COLLATE utf8mb4_unicode_ci DEFAULT NULL COMMENT 'Descrizione facoltativa dell''indirizzo',
  PRIMARY KEY (`indirizzo_mappe_evento`)
) ENGINE=InnoDB DEFAULT CHARSET=utf8mb4 COLLATE=utf8mb4_unicode_ci;

--
-- Dump dei dati per la tabella `mappe_eventi`
--

INSERT INTO `mappe_eventi` (`indirizzo_mappe_evento`, `url_mappe_evento`, `descrizione_mappe_evento`) VALUES
('Piazza S. Anna, 15, 33070 Tamai PN', 'https://www.google.com/maps/place/Erboristeria+Alchimia/@45.922557,12.5720543,17z', 'Presso la ex scuola elementare di Tamai (dietro la scuola materna)');

-- --------------------------------------------------------

--
-- Struttura della tabella `produzioni`
--

CREATE TABLE IF NOT EXISTS `produzioni` (
  `articolo_produzione` int(11) unsigned NOT NULL COMMENT 'Articolo prodotto [PK][FK]',
  `ditta_produzione` int(11) unsigned NOT NULL COMMENT 'Produttore dell''articolo [PK][FK]',
  PRIMARY KEY (`articolo_produzione`,`ditta_produzione`),
  KEY `produzioni_ibfk_articoli` (`articolo_produzione`),
  KEY `produzioni_ibfk_ditte` (`ditta_produzione`)
) ENGINE=InnoDB DEFAULT CHARSET=utf8mb4 COLLATE=utf8mb4_unicode_ci;

--
-- Dump dei dati per la tabella `produzioni`
--

INSERT INTO `produzioni` (`articolo_produzione`, `ditta_produzione`) VALUES
(1, 1),
(2, 1),
(3, 1),
(4, 1),
(5, 1),
(6, 1),
(7, 1),
(8, 1),
(9, 2),
(10, 2),
(11, 2),
(12, 2),
(13, 2),
(14, 2),
(15, 2),
(16, 2),
(17, 2),
(18, 2),
(19, 2),
(20, 2),
(21, 2),
(22, 2),
(23, 2),
(24, 3),
(25, 3),
(26, 3),
(27, 3),
(28, 3),
(29, 3),
(30, 3),
(31, 3),
(32, 3),
(33, 3),
(34, 3),
(35, 3),
(36, 3),
(37, 3),
(38, 3),
(39, 3),
(40, 3),
(41, 3),
(42, 3),
(43, 3);

-- --------------------------------------------------------

--
-- Struttura della tabella `te_e_infusi`
--

CREATE TABLE IF NOT EXISTS `te_e_infusi` (
  `id_te_e_infusi` int(10) unsigned NOT NULL AUTO_INCREMENT COMMENT 'Identificativo te/infuso',
  `descrizione_immagine_te_e_infusi` varchar(100) COLLATE utf8mb4_unicode_ci NOT NULL DEFAULT 'Nessuna descrizione per l''immagine del tè o infuso' COMMENT 'Descrizione dell''immagine del te/infuso',
  `tipo_te_e_infusi` varchar(10) COLLATE utf8mb4_unicode_ci NOT NULL COMMENT 'Tipo: tè oppure infuso [PK]',
  `nome_te_e_infusi` varchar(100) COLLATE utf8mb4_unicode_ci NOT NULL COMMENT 'Nome del te/infuso [PK]',
  `ingredienti_te_e_infusi` text COLLATE utf8mb4_unicode_ci COMMENT 'Ingredienti facoltativi del te/infuso',
  `descrizione_te_e_infusi` text COLLATE utf8mb4_unicode_ci NOT NULL COMMENT 'Descrizione generica del te/infuso',
  `preparazione_te_e_infusi` text COLLATE utf8mb4_unicode_ci COMMENT 'Preparazione facoltativa del te/infuso',
  PRIMARY KEY (`tipo_te_e_infusi`,`nome_te_e_infusi`),
  UNIQUE KEY `id_te_e_infusi` (`id_te_e_infusi`)
) ENGINE=InnoDB  DEFAULT CHARSET=utf8mb4 COLLATE=utf8mb4_unicode_ci AUTO_INCREMENT=74 ;

--
-- Dump dei dati per la tabella `te_e_infusi`
--

INSERT INTO `te_e_infusi` (`id_te_e_infusi`, `descrizione_immagine_te_e_infusi`, `tipo_te_e_infusi`, `nome_te_e_infusi`, `ingredienti_te_e_infusi`, `descrizione_te_e_infusi`, `preparazione_te_e_infusi`) VALUES
(1, '', 'Tè', 'Tè Bancha alla fragolina di bosco', 'Tè verde giapponese, aroma naturale di fragolina 4$, aroma naturale di frutti di bosco 2$.Tutto biologico. Presenza di boccioli di rosa.', 'Miscela di pregiato tè Bancha con il profumo soave della fragolina di bosco e dei boccioli di rosa, che addolciscono leggermente le note erbacee tipiche del Bancha. Adatto ad ogni momento della giornata.', '2g per 200ml acqua 80 gradi 3-4min.'),
(2, 'Nessuna descrizione per l''immagine del tè o infuso', 'Tè', 'Tè Oolong alla frutta', 'Thè Oolong, frutta candita in proporzione variabile (Goji, papaya, pesca, fichi), calendula fiori, fiordaliso fiori, aromi.', 'Il fascino dell''antica Cina rivive in questa miscela che unisce il tè Oolong, semi-ossidato alla frutta.\nIl tè Oolong essendo un semi-ossidato conserva parte delle qualità antiossidanti del tè verde, è ricco di minerali come il calcio ed ha poca teina.\nColore giallo paglierino, profumo delicato fruttato.', '3-4g per tazza da 200ml acqua a 90 gradi per 5 minuti.'),
(3, 'Nessuna descrizione per l''immagine del tè o infuso', 'Tè', 'Tè Rosso Africa Bio', 'Miscela di Rooibos, scorza di arancia, lampone, mirtilli e fiori al profumo di agrumi. Da agricoltura Bio', 'Il tè rosso proviene dalla lavorazione dell''Asphalatus linearis ed è naturalmente privo di caffeina oltre che ricco di minerali.\nOttimo come infuso del pomeriggio per i bambini e per gli adulti che svolgono attività sportiva.', '3-4g per tazza da 200ml acqua a 90 gradi per 5 minuti.');

-- --------------------------------------------------------

--
-- Struttura della tabella `utenti`
--

CREATE TABLE IF NOT EXISTS `utenti` (
  `nome_utente` varchar(100) COLLATE utf8mb4_unicode_ci NOT NULL COMMENT 'Nome dell''utente',
  `cognome_utente` varchar(100) COLLATE utf8mb4_unicode_ci NOT NULL COMMENT 'Cognome dell''utente',
  `email_utente` varchar(100) COLLATE utf8mb4_unicode_ci NOT NULL COMMENT 'E-mail di accesso [PK]',
  `password_utente` varchar(100) COLLATE utf8mb4_unicode_ci NOT NULL COMMENT 'Chiave di accesso ',
  `tipo_utente` enum('User','Admin') COLLATE utf8mb4_unicode_ci NOT NULL DEFAULT 'User' COMMENT 'Tipo: user o admin',
  `numero_timbri_utente` smallint(11) NOT NULL DEFAULT '0',
  `data_nascita_utente` date NOT NULL COMMENT 'Data di nascita dell''utente',
  `data_registrazione_utente` datetime NOT NULL DEFAULT CURRENT_TIMESTAMP COMMENT 'Data registrazione account utente',
  PRIMARY KEY (`email_utente`)
) ENGINE=InnoDB DEFAULT CHARSET=utf8mb4 COLLATE=utf8mb4_unicode_ci;

--
-- Dump dei dati per la tabella `utenti`
--

INSERT INTO `utenti` (`nome_utente`, `cognome_utente`, `email_utente`, `password_utente`, `tipo_utente`, `numero_timbri_utente`, `data_nascita_utente`, `data_registrazione_utente`) VALUES
('Admin', 'Admin', 'admin@admin.it', '$2y$10$Ap60qnaDADMU.6jbTNiCse0XvwhPDNtNWj19sn3bfdNN5DjX9pk3y', 'Admin', 0, '2020-06-10', '2020-06-26 11:40:46'),
('User', 'User', 'user@user.it', '$2y$10$yXx1j77kJnEnGL/HpW2AxON4Lz9IHA3xVmaoJ/AJLBnqwFcMsoVJu', 'User', 0, '2020-06-10', '2020-06-26 11:43:10');

--
-- Limiti per le tabelle scaricate
--

--
-- Limiti per la tabella `articoli`
--
ALTER TABLE `articoli`
  ADD CONSTRAINT `articoli_ibfk_categorie` FOREIGN KEY (`categoria_articolo`) REFERENCES `categorie` (`id_categoria`) ON UPDATE CASCADE,
  ADD CONSTRAINT `articoli_ibfk_linee` FOREIGN KEY (`linea_articolo`) REFERENCES `linee` (`id_linea`) ON UPDATE CASCADE;

--
-- Limiti per la tabella `descrizione_articoli`
--
ALTER TABLE `descrizione_articoli`
  ADD CONSTRAINT `descrizione_articoli_ibfk_articoli` FOREIGN KEY (`articolo`) REFERENCES `articoli` (`id_articolo`) ON UPDATE CASCADE;

--
-- Limiti per la tabella `descrizione_eventi`
--
ALTER TABLE `descrizione_eventi`
  ADD CONSTRAINT `descrizione_eventi_ibfk_eventi` FOREIGN KEY (`evento`) REFERENCES `articoli` (`id_articolo`) ON UPDATE CASCADE;

--
-- Limiti per la tabella `produzioni`
--
ALTER TABLE `produzioni`
  ADD CONSTRAINT `produzioni_ibfk_articoli` FOREIGN KEY (`articolo_produzione`) REFERENCES `articoli` (`id_articolo`) ON UPDATE CASCADE,
  ADD CONSTRAINT `produzioni_ibfk_ditte` FOREIGN KEY (`ditta_produzione`) REFERENCES `ditte` (`id_ditta`) ON UPDATE CASCADE;

/*!40101 SET CHARACTER_SET_CLIENT=@OLD_CHARACTER_SET_CLIENT */;
/*!40101 SET CHARACTER_SET_RESULTS=@OLD_CHARACTER_SET_RESULTS */;
/*!40101 SET COLLATION_CONNECTION=@OLD_COLLATION_CONNECTION */;
